{"cameraMode":{"drawMode":0,"name":"Shaded","section":"Shading Mode"},"sceneLighting":true,"audioPlay":false,"sceneViewState":{"showFog":true,"showMaterialUpdate":true,"showSkybox":true,"showFlares":true,"showImageEffects":true,"showParticleSystems":true},"in2DMode":false,"pivot":{"x":0.39210033416748049,"y":8.813410758972168,"z":0.6675461530685425},"rotation":{"x":-1.4339150311570848e-8,"y":-0.6985725164413452,"z":-8.529401895884803e-8,"w":0.7155422568321228},"size":18.30120277404785,"orthographic":true}